frame,time_s,dust_area_ratio,drr,clear_area_ratio
0,0.0,0.054875306112249486,0.0,0.9451246938877506
1,0.1,0.054875306112249486,0.0,0.9451246938877506
2,0.2,0.051826677994902294,0.055555555555555525,0.9481733220050977
3,0.3,0.051826677994902294,0.055555555555555525,0.9481733220050977
4,0.4,0.0487780498775551,0.11111111111111105,0.9512219501224449
5,0.5,0.0487780498775551,0.11111111111111105,0.9512219501224449
6,0.6,0.04572942176020791,0.16666666666666657,0.9542705782397921
7,0.7,0.04542955669948523,0.17213114754098363,0.9545704433005148
8,0.8,0.03998200809635664,0.2714025500910747,0.9600179919036433
9,0.9,0.036583537408166326,0.3333333333333333,0.9634164625918337
10,1.0,0.03488430206407117,0.3642987249544626,0.9651156979359288
11,1.1,0.03543405467539607,0.3542805100182149,0.9645659453246039
12,1.2,0.03368484182118047,0.38615664845173037,0.9663151581788195
13,1.3,0.0321855165175671,0.41347905282331504,0.9678144834824329
14,1.4,0.02843720325853366,0.4817850637522768,0.9715627967414664
15,1.5,0.02773751811684742,0.494535519125683,0.9722624818831526
16,1.6,0.02438902493877755,0.5555555555555556,0.9756109750612224
17,1.7,0.023889249837573092,0.5646630236794171,0.9761107501624269
18,1.8,0.020490779149382778,0.6265938069216758,0.9795092208506172
19,1.9,0.020040981558298764,0.6347905282331512,0.9799590184417012
20,2.0,0.01609275825878355,0.7067395264116575,0.9839072417412165
21,2.1,0.015393073117097306,0.7194899817850637,0.9846069268829027
22,2.2,0.012194512469388775,0.7777777777777778,0.9878054875306113
23,2.3,0.012194512469388775,0.7777777777777778,0.9878054875306113
24,2.4,0.012194512469388775,0.7777777777777778,0.9878054875306113
25,2.5,0.012194512469388775,0.7777777777777778,0.9878054875306113
26,2.6,0.012194512469388775,0.7777777777777778,0.9878054875306113
27,2.7,0.012194512469388775,0.7777777777777778,0.9878054875306113
28,2.8,0.009145884352041582,0.8333333333333333,0.9908541156479584
29,2.9,0.009145884352041582,0.8333333333333333,0.9908541156479584
